New Balance;Мужская обувь, New Balance,New Balance 996;New Balance 996 арт.50 серый (grey) Мужские: 40-44;8530;3990
New Balance;Мужская обувь, New Balance,New Balance 999;New Balance 999 арт.009 Мужские: 40-44;8000;3990
New Balance;Мужская обувь, New Balance,New Balance 574;New Balance 574 арт.105 зеленые (green) Мужские: 41-44;7250;3520
New Balance;Мужская обувь, New Balance,New Balance 998;New Balance 998 арт.0034 Мужские: 40-44;8000
New Balance;Мужская обувь, New Balance,New Balance 998;New Balance 998 арт.035 Мужские: 40-44;8000;3950
New Balance;Мужская обувь, New Balance,New Balance 998;New Balance 998 арт.037 Мужские: 40-44;8000;3950
New Balance;Мужская обувь, New Balance,New Balance 998;New Balance 998 арт.038 Мужские: 40-44;8000;3990
New Balance;Мужская обувь, New Balance,New Balance 576;New Balance 576 арт.041 Мужские: 40-44;8000;3990
New Balance;Мужская обувь, New Balance,New Balance 574;New Balance 574 арт.045 серый/бежевый (grey/beige) Мужские: 40-45;8000;3890
New Balance;Мужская обувь, New Balance,New Balance 574;New Balance 574 серый/чёрный(gray/black) арт.044 Мужские: 41-44;6500;3790
New Balance;Мужская обувь, New Balance,New Balance 999;New Balance 999 арт.008 Мужские: 40-44;8000;3990
New Balance;Мужская обувь, New Balance,New Balance 999;New Balance 999 арт.007 Мужские: 40-44;8000;3990
New Balance;Мужская обувь, New Balance,New Balance 574;New Balance 574 тёмно-синий/красный (dark blue/red) арт.035 Унисекс: 36-45;7000;3650
New Balance;Мужская обувь, New Balance,New Balance 574;New Balance 574 арт.029 вишнёвый (cherry) Унисекс: 36-44 Размеры 36eur/22,5 см37eur/23,5 см38eur/24 см39eur/25 см41eur/26 см.42eur/26,5 см.43eur/27,5 см.44eur/28 см. Старая цена: 6000;3690
New Balance;Мужская обувь, New Balance,New Balance 574;New Balance 574 темно-синий (dark blue) арт.043 Мужские: 40-44;8000;3990
New Balance;Мужская обувь, New Balance,New Balance 574;New Balance 574 синий (blue) арт.042 Унисекс: 36-44;7000;3890
New Balance;Мужская обувь, New Balance,New Balance 996;New Balance 996 синий арт.029 Мужские: 40-44;7000;3890
New Balance;Мужская обувь, New Balance,New Balance 990;New Balance 990 арт.001 Мужские: 40-44;7000;3990
New Balance;Мужская обувь, New Balance,New Balance 574;New Balance 574 серый(gray) арт.052 Мужские: 40-45;8000;3990
New Balance;Мужская обувь, New Balance,New Balance 574;New Balance 574 черный (black) арт.084 Унисекс: 36-44;8000;3890
New Balance;Мужская обувь, New Balance,New Balance 999;New Balance 999 арт.002 Унисекс: 37-44;8000;3990
New Balance;Мужская обувь, New Balance,New Balance 576;New Balance 576 арт.003 Унисекс: 36-44;7500;3990
New Balance;Мужская обувь, New Balance,New Balance 999;New Balance 999 арт.006 Мужские: 40-44;8000;3990
New Balance;Мужская обувь, New Balance,New Balance 998;New Balance 998 арт.031 Мужские: 40-44;7500
New Balance;Мужская обувь, New Balance,New Balance 574;New Balance 574 черный/белый (black/white) арт.045 Унисекс: 36-44;7000;3590
New Balance;Мужская обувь, New Balance,New Balance 574;New Balance 574 синий(blue) арт.054 Мужские: 40-44;7000;3850
New Balance;Мужская обувь, New Balance,New Balance 574;New Balance 574 синий(blue) арт.057 Унисекс: 36-45;7000;3850
New Balance;Мужская обувь, New Balance,New Balance 996;New Balance 996 арт.036 серый (grey) Мужские: 41-45;8000;3690
New Balance;Мужская обувь, New Balance,New Balance 574;New Balance 574 темно-синий/серый (dark blue/grey) арт.081 Унисекс: 36-45;8000;3890
New Balance;Мужская обувь, New Balance,New Balance 580;New Balance 580 арт.006 Мужские: 40-44;8500;3890